{"cameraMode":{"drawMode":0,"name":"Shaded","section":"Shading Mode"},"sceneLighting":false,"audioPlay":false,"sceneViewState":{"showFog":true,"showMaterialUpdate":true,"showSkybox":false,"showFlares":true,"showImageEffects":true,"showParticleSystems":true},"in2DMode":false,"pivot":{"x":395.65985107421877,"y":287.1485900878906,"z":0.39056396484375},"rotation":{"x":0.0033107672352343799,"y":0.004813649225980043,"z":-0.000026759100364870392,"w":0.9999907612800598},"size":1194.244384765625,"orthographic":false}