{"cameraMode":{"drawMode":0,"name":"Shaded","section":"Shading Mode"},"sceneLighting":true,"audioPlay":false,"sceneViewState":{"showFog":true,"showMaterialUpdate":true,"showSkybox":true,"showFlares":true,"showImageEffects":true,"showParticleSystems":true},"in2DMode":false,"pivot":{"x":462.2347106933594,"y":-16.430206298828126,"z":0.0},"rotation":{"x":0.08475036174058914,"y":0.0886555090546608,"z":0.007571246474981308,"w":-0.9924218058586121},"size":304.9560241699219,"orthographic":false}