{"cameraMode":{"drawMode":0,"name":"Shaded","section":"Shading Mode"},"sceneLighting":true,"audioPlay":false,"sceneViewState":{"showFog":true,"showMaterialUpdate":true,"showSkybox":true,"showFlares":true,"showImageEffects":true,"showParticleSystems":true},"in2DMode":false,"pivot":{"x":442.27410888671877,"y":-157.9022979736328,"z":1.86309814453125},"rotation":{"x":0.017682425677776338,"y":0.029087353497743608,"z":0.0005149149801582098,"w":-0.999420702457428},"size":989.4664916992188,"orthographic":false}