{"cameraMode":{"drawMode":0,"name":"Shaded","section":"Shading Mode"},"sceneLighting":false,"audioPlay":false,"sceneViewState":{"showFog":true,"showMaterialUpdate":true,"showSkybox":false,"showFlares":true,"showImageEffects":true,"showParticleSystems":true},"in2DMode":false,"pivot":{"x":492.88604736328127,"y":239.712646484375,"z":-1.8052978515625},"rotation":{"x":-0.014688454568386078,"y":-0.005685553885996342,"z":-0.0000943474515224807,"w":0.9998838901519775},"size":644.426025390625,"orthographic":false}